46;40;27;40
56;19;20;85
24;61;95;2
42;39;30;39
27;32;73;99
94;55;26;55
20;19;67;78
78;78;79;68
72;48;98;88
9;79;47;38
34;90;34;15
30;7;59;84
76;96;76;55
20;10;65;18
59;65;15;59
25;49;34;1
79;12;51;2
63;63;74;50
56;77;32;59
49;9;37;37
90;10;36;87
62;94;51;62
16;92;3;44
14;30;43;76
33;29;33;69
49;69;50;76
59;59;25;71
77;26;31;11
4;26;12;12
77;64;71;14
27;76;22;99
71;88;71;70
88;2;49;85
44;44;70;38
33;19;2;5
93;44;20;44
66;52;70;29
51;80;20;30
42;55;25;42
42;87;50;1
47;84;91;84
43;1;24;63
53;75;75;93
91;20;10;81
50;41;15;17
50;42;28;42
7;36;5;76
44;59;55;55
46;3;89;28
8;75;75;86
78;38;47;32
27;9;63;77
44;54;37;44
36;74;6;74
57;29;24;29
77;23;27;9
71;12;92;71
4;68;18;67
95;17;5;73
95;70;21;70
73;51;12;83
65;22;65;99
13;35;99;36
80;80;81;11
41;83;27;52
33;2;72;26
74;74;87;22
46;90;43;2
13;61;34;34
97;18;39;15
71;72;71;5
66;66;62;46
5;92;1;47
12;12;2;16
100;49;4;87
88;32;47;47
45;28;34;48
55;39;39;29
76;83;99;64
75;38;16;57
35;35;88;1
72;69;43;6
52;48;84;52
80;83;69;98
54;54;38;87
55;97;68;23
72;78;35;31
32;63;33;33
47;97;68;52
67;44;67;78
37;52;79;3
9;30;41;30
30;49;44;11
24;88;80;79
57;65;73;65
64;91;75;24
17;69;43;43
14;97;57;62
46;36;94;46
90;72;25;68
13;33;57;33
63;84;2;6
98;55;54;21
60;38;60;38
10;33;45;47
12;82;75;75
88;89;68;97
47;69;47;8
10;31;18;100
17;20;90;93
63;62;46;62
55;31;65;62
62;51;62;80
37;22;38;5
92;63;30;63
21;23;18;50
51;63;52;88
14;55;64;55
41;73;57;68
42;42;96;14
65;49;83;38
42;54;54;90
89;7;85;6
53;61;52;36
66;95;66;38
85;5;80;9
91;53;79;79
25;62;41;86
21;81;74;74
91;26;83;53
4;10;38;95
87;95;87;40
14;94;56;8
56;56;53;98
44;100;5;72
69;85;69;48
30;80;37;6
29;58;100;86
77;77;39;90
45;41;94;43
19;23;23;46
26;1;76;53
84;99;55;84
72;2;98;92
27;39;13;62
19;44;19;11
99;34;38;42
62;32;71;62
16;56;48;80
83;83;98;32
41;18;16;62
42;5;94;34
93;45;18;45
12;66;23;24
99;24;88;88
62;14;81;73
25;25;81;1
4;18;65;24
5;96;72;52
39;39;63;16
53;77;70;92
12;77;77;91
64;78;55;33
60;100;87;87
41;54;92;50
85;55;53;40
32;34;2;32
68;93;95;33
98;85;85;9
70;91;69;48
56;72;72;99
74;77;69;5
13;99;87;27
56;10;56;90
95;69;83;28
54;98;86;86
90;54;52;41
78;47;47;11
70;56;54;47
40;42;59;62
48;86;39;48
63;42;27;12
44;44;27;53
56;73;4;26
46;12;55;46
100;91;10;58
49;55;67;79
92;61;61;10
2;63;30;71
70;52;52;48
34;7;18;74
32;67;82;67
44;20;37;78
6;90;9;40
64;81;64;40
23;17;14;30
53;53;67;16
71;91;17;47
6;84;6;84
80;10;22;87
40;95;90;90
47;87;94;98
73;64;28;95
65;44;48;48
78;77;50;38
53;53;87;24
89;26;49;14
30;7;30;66
83;42;17;60
70;79;82;28
31;62;38;38
3;28;96;91
38;43;59;43
94;85;98;84
50;100;1;50
68;20;8;25
87;85;42;62
9;87;37;37
21;90;73;85
18;31;31;63
88;11;99;59
56;35;56;73
3;17;34;95
85;64;96;49
58;58;85;36
26;51;36;29
48;73;94;73
1;76;97;19
81;6;89;81
8;67;93;85
40;28;43;38
13;77;85;77
14;32;43;67
25;25;2;77
34;72;24;48
37;33;37;46
1;52;16;12
98;81;40;90
60;65;60;47
27;46;14;48
91;92;91;44
50;26;71;98
70;70;4;99
60;62;10;33
66;88;30;52
50;19;53;50
94;69;19;56
52;18;70;52
83;70;29;88
84;69;54;69
15;59;86;71
91;84;69;46
80;7;68;68
87;16;80;74
64;61;67;64
84;79;24;68
83;82;59;82
44;99;38;63
92;18;75;67
69;80;97;80
6;14;79;51
92;60;60;46
66;48;44;70
26;2;26;36
49;94;40;30
44;35;42;93
74;95;74;55
17;11;31;80
23;54;92;54
96;11;54;63
69;69;40;98
97;25;59;34
70;9;26;39
38;61;61;38
35;13;83;16
70;68;70;76
20;96;76;75
90;70;68;70
93;35;60;71
86;22;17;93
54;30;98;54
71;54;52;95
7;36;36;53
60;88;23;2
33;52;33;19
35;30;70;68
61;55;99;33
73;73;45;82
69;1;32;54
34;92;48;48
98;39;65;57
58;81;43;58
15;44;9;17
33;69;21;74
12;54;39;39
85;67;90;71
100;13;55;55
50;19;58;43
43;43;74;19
52;18;42;39
59;32;51;51
44;5;8;37
92;32;94;87
51;14;2;14
94;57;61;100
4;34;34;100
23;92;37;8
82;48;2;48
52;85;79;14
42;28;63;88
96;50;50;37
18;31;70;38
48;72;72;89
15;21;46;14
65;65;69;27
27;82;42;48
87;69;15;81
94;79;38;79
65;13;88;91
66;31;26;31
33;63;34;65
90;49;49;22
40;52;20;5
27;14;65;70
98;80;80;23
45;8;12;25
26;26;1;81
27;41;64;23
32;84;84;98
20;98;12;10
63;57;13;11
38;94;38;19
45;74;72;15
70;99;92;92
44;89;9;14
63;63;35;91
60;46;43;3
98;72;99;24
43;11;23;23
90;59;67;85
69;69;15;71
19;66;91;13
19;76;38;38
43;60;53;48
10;66;73;62
78;41;23;41
70;73;15;84
40;40;98;18
46;78;8;49
81;46;13;46
94;21;83;35
84;6;38;89
23;23;11;70
41;70;92;66
68;41;52;52
77;39;62;31
99;91;91;26
59;81;89;61
36;19;6;89
42;42;34;96
85;10;84;16
63;63;45;91
59;33;19;68
62;20;20;4
94;76;13;45
15;12;44;83
96;41;46;46
69;57;6;40
20;11;20;44
18;93;99;97
44;44;100;9
5;3;60;56
16;85;24;18
71;26;59;59
44;64;67;28
31;73;31;25
85;82;92;77
68;61;68;99
43;68;49;93
69;94;87;40
29;38;45;38
96;43;40;68
30;71;39;39
27;96;7;29
95;88;28;88
96;23;45;82
82;63;60;16
75;71;24;71
66;27;25;78
81;91;91;93
33;39;91;34
28;97;96;96
39;40;17;40
51;18;82;67
56;54;49;54
82;31;30;22
46;88;16;46
94;70;9;40
27;67;54;54
10;45;37;79
69;69;30;86
61;6;1;31
66;17;45;40
41;41;59;34
95;87;6;8
40;42;42;90
33;64;30;9
71;71;56;90
28;56;87;91
18;97;30;3
31;31;7;46
18;1;79;95
68;4;44;44
90;75;47;5
98;23;98;100
76;64;88;74
95;66;14;42
85;80;80;22
9;53;92;18
63;52;55;55
70;11;58;60
84;66;66;26
24;43;70;64
79;72;23;15
50;43;50;89
6;39;49;96
65;35;21;35
55;38;16;99
37;47;47;94
66;25;8;51
34;42;58;20
85;69;69;59
89;18;11;14
29;21;29;51
85;93;46;34
25;11;56;25
44;25;70;98
65;70;5;84
80;8;97;80
32;38;65;50
54;64;54;5
74;30;84;79
15;20;4;15
93;35;20;54
8;60;29;3
64;61;61;30
73;46;69;18
17;17;50;2
50;44;39;86
33;6;33;75
69;73;30;45
25;54;98;76
49;49;37;74
27;70;18;38
46;34;100;46
74;75;42;84
40;30;30;21
93;73;49;72
8;68;39;50
59;96;73;73
34;6;9;91
57;57;6;67
65;74;42;37
33;37;93;37
32;90;21;9
58;9;26;87
99;85;44;85
78;39;18;85
36;25;39;36
1;96;71;33
98;62;20;62
59;56;21;43
5;56;92;27
82;43;61;61
45;99;89;75
73;73;84;34
93;13;48;71
60;43;22;43
56;3;68;20
68;91;37;50
5;41;57;41
66;15;69;21
73;49;99;73
75;41;29;2
41;41;26;61
84;72;74;40
34;68;45;40
56;36;36;2
78;33;68;85
50;50;66;13
15;94;13;16
72;100;97;97
58;81;94;26
69;53;57;40
80;72;33;72
92;68;54;88
43;43;7;62
70;35;69;33
58;74;81;74
79;43;81;66
44;73;44;10
66;49;63;63
20;27;16;96
72;47;67;54
91;22;56;79
84;22;98;84
69;81;16;37
81;57;37;57
67;57;98;57
29;87;4;23
65;78;64;65
86;87;63;4
30;83;30;27
43;96;54;71
94;87;8;87
79;25;7;48
8;94;32;46
74;48;49;49
41;89;53;18
49;27;64;49
82;64;16;24
62;75;62;12
75;5;100;75
45;34;35;50
42;28;15;87
4;80;34;12
19;14;19;20
2;29;85;83
22;13;1;13
56;88;17;19
53;28;78;49
27;46;27;4
92;80;83;89
43;80;19;43
100;51;46;25
78;5;40;40
97;52;13;53
11;78;88;79
19;19;36;13
9;62;63;17
77;72;72;31
24;10;65;1
24;24;20;40
78;98;13;59
77;90;9;85
55;51;56;55
76;48;29;80
32;27;8;27
38;21;87;89
17;25;2;17
92;9;96;87
41;54;6;68
94;76;76;26
45;28;35;51
99;55;10;55
2;77;95;11
35;75;26;35
78;68;7;74
26;51;97;71
50;50;16;52
58;25;5;68
34;50;50;95
42;57;44;20
64;64;46;70
53;97;61;58
10;69;77;10
46;46;30;65
76;78;89;21
33;52;33;23
56;49;30;19
57;57;80;28
21;4;49;88
94;30;97;98
41;94;94;100
88;55;59;96
42;19;60;42
27;11;16;67
80;87;40;80
85;28;81;58
8;44;61;23
82;1;25;25
93;71;1;25
22;22;30;4
82;58;27;75
85;85;42;87
58;19;40;18
44;57;65;94
94;82;43;82
6;52;94;96
52;52;89;50
36;49;93;39
10;25;66;25
79;44;54;99
22;96;9;83
73;91;78;78
22;48;19;66
91;95;91;80
94;5;27;86
56;38;38;18
31;75;77;71
94;23;31;31
63;30;91;55
33;20;63;95
65;65;76;21
20;79;2;72
65;50;100;65
86;75;89;99
76;44;48;48
85;100;48;93
61;94;37;44
46;22;75;46
76;37;99;75
88;55;88;92
28;69;11;54
89;17;37;37
74;69;12;6
73;81;73;60
72;43;98;6
18;4;28;25
76;15;84;76
27;11;78;77
22;64;47;47
20;45;22;41
16;65;8;71
24;72;69;69
9;5;22;3
1;30;19;19
61;80;28;30
88;35;88;100
86;34;99;99
36;89;86;46
44;34;18;34
72;51;13;7
47;24;47;93
57;32;78;76
53;57;58;57
40;55;46;21
11;6;11;94
50;28;28;16
44;3;56;66
56;91;38;56
49;38;86;6
13;13;30;30
64;9;50;90
84;65;31;1
36;35;36;45
50;3;61;30
1;16;51;16
19;33;78;59
21;27;34;27
49;26;74;88
97;53;8;7
53;53;42;65
81;26;61;51
29;75;9;29
92;97;45;86
94;2;56;56
71;71;54;62
66;64;34;13
92;28;92;98
42;58;92;32
57;22;3;22
75;42;40;66
42;73;19;42
92;89;86;76
95;73;19;62
70;67;67;64
25;51;13;73
2;69;38;38
29;41;99;30
46;29;89;46
47;90;32;13
5;51;88;84
34;55;34;5
57;46;72;19
71;34;71;83
68;70;95;53
41;92;92;99
13;1;31;37
39;66;8;74
92;37;62;62
37;81;70;71
64;69;64;51
36;77;9;66
74;5;83;74
42;19;91;87
31;52;92;32
20;38;38;89
42;68;43;40
23;23;42;17
30;45;88;65
18;5;18;63
35;91;70;82
57;55;55;15
26;52;32;17
8;35;46;77
75;68;68;34
52;72;42;23
58;58;90;50
82;28;80;31
46;25;16;25
82;40;19;73
12;78;68;85
53;53;30;55
20;84;66;7
18;57;2;18
90;17;90;95
75;28;38;17
76;54;3;67
92;12;90;86
80;29;92;80
88;91;85;59
24;80;81;80
33;81;27;82
89;91;54;89
62;24;63;74
89;100;45;3
84;60;11;60
86;15;82;56
74;47;59;59
74;95;96;14
61;61;56;90
2;12;19;33
75;23;33;40
82;97;82;12
55;86;33;97
22;83;63;63
80;35;70;29
52;57;39;52
34;15;81;60
40;62;50;95
33;55;12;33
94;61;83;56
19;3;19;50
5;2;46;69
93;28;28;4
10;94;19;94
90;12;79;52
32;31;21;31
90;77;24;51
80;76;64;76
9;57;24;92
47;47;61;17
84;67;47;94
30;56;90;4
51;90;93;90
61;25;23;64
74;66;3;66
13;76;84;28
86;41;28;41
17;38;2;10
65;7;78;94
35;19;35;86
22;87;99;19
3;30;73;30
85;16;21;78
92;70;34;70
5;67;37;86
63;73;12;23
27;27;71;22
89;4;82;20
48;72;61;61
67;74;98;18
9;40;17;17
48;70;49;37
10;79;64;2
73;73;53;100
23;95;7;3
95;40;82;82
91;64;22;93
50;50;61;49
11;17;78;53
61;64;38;70
70;46;83;70
93;50;5;88
14;36;58;36
29;86;1;72
41;14;78;41
66;71;10;23
1;33;35;53
44;60;37;44
88;36;1;49
43;38;9;38
76;80;46;71
13;27;27;51
76;90;35;32
87;68;39;10
21;21;60;5
29;4;63;73
57;48;68;57
64;35;35;96
85;90;65;85
2;29;33;87
81;2;14;74
8;99;49;49
42;19;63;26
44;77;39;44
95;30;24;64
52;71;52;20
79;44;23;8
39;66;63;63
48;76;76;40
12;48;77;64
46;50;50;92
27;74;92;60
24;97;57;57
100;12;94;83
61;69;61;36
69;36;86;90
84;49;54;20
73;70;73;100
45;91;98;12
68;68;75;66
39;45;95;69
18;84;84;95
15;27;73;79
51;54;68;76
97;99;66;97
49;87;8;36
48;78;78;93
88;58;32;73
80;1;80;89
86;12;71;71
69;17;31;76
90;3;41;70
45;9;7;20
88;29;29;25
37;45;66;72
58;12;72;58
97;22;72;96
44;3;71;41
7;52;79;52
18;13;25;82
73;73;92;54
97;30;7;50
72;60;4;60
43;90;36;12
36;28;17;33
20;21;20;3
3;93;39;62
21;68;14;21
16;84;32;89
91;91;25;97
98;60;18;60
64;11;99;86
9;63;13;56
62;47;67;6
58;58;46;74
13;35;80;59
25;32;25;11
75;36;20;68
18;35;8;4
85;2;95;85
34;39;62;1
41;33;33;30
21;52;39;16
52;84;52;16
100;9;100;13
55;96;81;32
16;44;9;16
6;42;18;18
61;81;19;35
30;74;36;85
73;73;75;35
73;21;90;89
80;31;9;79
8;20;19;19
12;43;41;4
65;14;65;87
100;49;13;23
84;26;84;92
56;5;56;88
91;9;8;88
71;40;50;52
16;9;48;49
73;73;40;90
36;3;89;3
61;77;12;61
41;32;58;90
45;68;42;96
37;2;16;16
51;68;39;2
70;46;27;46
87;45;89;82
41;87;41;36
71;47;19;58
78;1;62;71
41;41;19;54
83;46;41;83
78;78;56;92
62;47;72;45
26;45;26;20
53;73;6;100
14;52;45;72
43;77;55;55
100;67;78;47
20;100;71;71
32;70;4;38
67;98;67;31
13;31;19;47
97;39;38;39
9;74;15;25
55;55;85;88
24;24;56;2
17;73;52;3
69;93;69;19
15;66;77;73
73;1;70;70
43;91;93;64
99;94;3;74
29;34;29;22
96;38;18;81
87;42;14;42
41;67;37;18
51;46;46;27
8;66;62;61
83;15;51;95
34;34;29;62
59;67;35;7
3;65;89;65
16;10;17;7
32;32;20;91
83;33;84;18
82;33;66;73
19;72;46;46
43;66;74;36
30;14;54;30
30;76;49;77
34;36;34;5
12;79;61;76
13;44;55;32
61;29;61;71
60;98;71;28
43;98;75;75
5;11;53;44
72;67;72;75
28;88;96;7
68;55;75;5
32;17;73;32
10;26;90;38
45;80;38;45
82;83;81;91
16;22;22;66
67;81;4;81
1;68;11;56
72;72;97;22
16;97;92;49
62;98;60;62
85;22;15;93
68;100;68;38
72;78;75;78
76;97;1;98
58;58;100;10
100;43;45;15
58;79;58;49
12;76;50;19
80;26;26;6
27;19;89;93
6;41;33;31
65;44;65;80
77;65;51;93
36;96;35;36
39;45;62;25
83;19;83;98
79;6;40;54
29;78;30;88
30;84;30;18
42;70;1;33
59;17;99;59
88;100;55;58
72;61;12;61
17;100;51;8
56;13;1;52
42;42;41;50
75;24;38;95
25;4;68;25
74;14;73;88
2;33;56;33
9;23;95;3
82;36;78;54
12;68;68;90
7;33;87;52
89;64;64;1
38;46;63;57
66;67;66;24
69;56;91;19
46;16;15;26
70;31;97;70
91;3;70;15
60;60;81;33
62;10;53;39
14;96;44;44
8;70;39;37
98;93;82;12
96;69;69;40
3;6;14;6
9;93;84;38
40;97;53;58
82;82;35;96
8;14;87;48
19;32;42;32
83;17;37;26
1;36;24;35
28;64;28;2
69;70;15;20
44;75;10;44
11;92;68;90
42;14;65;42
31;45;79;49
65;61;17;87
61;21;39;39
92;33;90;84
5;68;77;68
13;70;68;80
56;16;56;83
3;85;12;67
38;88;4;38
36;4;61;21
51;100;19;81
88;100;88;6
6;38;92;42
26;32;10;26
8;58;64;47
42;22;41;76
39;22;22;3
74;21;15;54
17;18;17;9
99;74;98;40
5;22;22;26
2;76;64;40
87;93;88;96
79;79;81;42
36;65;13;11
56;56;67;22
21;62;4;23
16;20;3;16
56;83;88;5
76;75;98;97
62;73;98;73
74;37;44;23
37;65;75;65
63;47;41;3
16;31;1;16
8;91;63;27
55;59;32;69
82;61;77;77
64;28;99;24
94;68;22;68
38;14;61;92
87;12;85;85
79;70;50;99
48;9;42;91
13;63;42;42
18;60;44;88
28;73;6;28
64;36;13;25
45;45;81;24
31;83;17;64
51;22;93;67
41;34;41;65
15;89;55;80
88;56;2;56
3;17;70;95
9;30;58;30
55;51;67;93
42;72;41;14
30;12;65;30
46;28;99;13
61;53;100;61
79;26;38;21
50;36;40;40
90;92;73;86
35;54;37;19
46;20;19;20
49;40;8;88
56;84;98;84
7;1;71;38
79;15;69;69
68;22;62;30
11;52;46;30
45;1;45;67
87;97;90;27
46;47;46;17
7;80;26;96
94;94;47;96
75;45;75;58
46;89;9;38
12;100;79;79
60;66;81;80
17;33;67;33
17;33;48;48
96;76;75;76
42;26;94;90
60;77;53;21
64;64;86;19
62;22;59;30
36;100;19;36
10;60;94;22
54;20;31;31
90;88;77;99
37;58;58;61
86;99;9;17
84;93;65;1
70;41;29;41
65;36;75;81
54;75;63;63
12;87;31;56
36;58;61;58
64;15;25;43
49;87;17;26
1;44;100;44
89;36;52;84
48;22;48;66
44;69;79;29
32;51;32;8
100;70;70;57
63;20;12;64
24;94;64;92
97;94;92;44
89;89;98;50
33;66;9;75
16;76;16;76
1;77;36;5
68;86;39;66
4;57;35;35
20;31;7;36
70;39;41;41
26;13;23;6
60;59;12;59
5;14;65;84
62;91;30;41
71;1;58;58
46;38;20;52
89;98;32;89
57;25;18;83
97;89;47;89
21;4;37;55
4;12;8;97
2;25;25;69
74;71;46;28
70;23;23;16
2;39;30;5
33;82;33;7
8;15;88;94
79;82;54;88
88;32;94;88
73;58;18;38
25;83;25;10
52;87;77;57
33;89;53;53
21;5;64;84
35;36;62;35
50;55;55;70
50;4;23;69
83;9;86;83
16;9;24;9
50;17;4;17
18;14;65;77
1;27;88;64
11;42;42;85
77;59;81;6
76;1;64;64
20;41;1;74
27;79;27;4
34;52;93;93
54;76;52;78
27;57;57;96
7;97;14;86
35;43;53;43
11;13;77;83
19;54;77;54
38;48;36;34
29;40;90;62
45;36;7;36
53;49;81;75
35;59;15;35
41;23;73;80
67;87;67;64
40;29;8;50
76;66;61;71
98;80;80;58
2;26;26;72
71;97;87;15
66;51;39;35
19;92;76;76
74;88;70;50
24;34;31;99
40;70;40;17
51;52;80;56
95;98;87;95
54;56;86;68
85;49;85;96
27;78;30;12
67;39;60;47
84;29;73;73
69;55;40;96
78;90;90;99
82;4;50;59
100;98;98;82
29;91;26;74
36;59;10;36
47;84;58;37
86;80;45;61
91;52;52;45
12;25;93;32
90;52;21;52
93;8;24;94
64;51;59;59
62;84;66;63
8;15;77;12
48;48;89;15
66;58;91;7
80;80;87;6
78;32;72;98
66;65;65;12
87;19;49;61
77;37;76;52
64;37;34;37
39;69;74;87
51;11;94;51
3;66;12;70
33;33;71;20
80;88;56;10
6;17;20;21
21;21;7;22
40;60;14;89
43;80;27;43
30;96;45;99
42;76;42;25
35;65;66;88
55;71;26;37
39;78;39;26
35;72;83;89
64;64;99;39
9;1;33;92
74;74;57;83
56;13;20;46
50;53;82;67
32;32;100;27
92;83;68;62
11;88;88;90
62;70;37;59
63;85;78;78
3;62;69;48
67;61;5;88
60;49;49;7
77;23;39;72
21;50;17;21
63;53;66;61
64;64;86;19
79;62;93;82
58;96;69;29
45;25;8;25
100;73;95;71
85;85;98;79
19;67;30;63
94;68;68;58
79;85;13;87
56;20;47;80
27;30;30;53
99;11;44;91
36;11;45;36
37;78;63;79
78;96;20;78
82;48;19;82
7;69;39;80
39;58;85;58
36;83;25;32
16;3;46;16
39;16;71;31
81;46;68;68
43;87;11;27
86;96;88;95
90;2;90;96
31;19;86;91
16;16;55;8
87;32;73;23
23;43;15;23
45;44;36;35
55;71;9;89
51;3;48;48
39;79;96;27
62;89;89;99
25;24;80;31
86;38;38;36
72;67;82;44
19;74;3;52
66;66;6;81
72;49;25;31
83;68;63;68
4;59;48;68
7;39;39;67
5;54;91;40
59;93;32;98
68;68;76;40
50;89;94;6
82;100;82;50
83;35;84;83
12;85;13;97
96;37;86;62
38;10;38;84
30;46;50;12
100;47;10;31
37;42;44;42
31;57;25;87
96;96;100;44
42;60;95;72
54;54;1;70
90;51;84;89
89;71;96;53
76;37;80;76
64;55;1;77
51;47;78;51
75;17;5;71
87;82;98;87
99;90;59;100
79;46;98;79
65;62;57;63
32;85;82;66
57;51;11;51
91;72;85;62
79;79;95;73
99;82;78;40
17;5;61;73
23;39;89;39
35;39;5;47
1;17;17;32
6;54;31;79
38;38;28;81
55;76;73;88
11;63;54;80
67;67;90;44
17;98;74;9
49;49;28;51
40;96;24;12
65;22;22;8
66;80;13;33
72;2;15;44
16;52;10;16
46;54;50;81
81;70;64;70
32;9;67;11
80;91;80;49
45;59;31;75
56;100;51;97
31;13;83;31
34;7;60;65
73;73;29;75
56;79;59;21
49;53;53;80
75;39;7;3
82;77;69;14
53;53;55;49
34;14;86;54
48;20;7;20
43;59;74;67
28;28;13;35
77;7;75;36
98;32;58;34
44;44;28;59
28;57;11;76
10;77;83;77
95;4;57;91
31;3;39;31
7;55;86;20
76;86;2;89
32;32;78;23
14;83;47;26
57;64;12;57
15;79;26;46
94;91;22;91
92;12;75;35
28;1;100;22
83;79;73;79
51;41;8;10
53;53;85;43
21;66;47;98
93;76;76;31
81;80;11;84
79;32;47;83
99;29;91;91
100;39;66;37
74;74;42;78
31;22;10;63
16;25;25;77
1;63;71;82
19;84;47;1
98;87;54;87
65;51;59;87
68;68;71;61
92;27;35;74
28;10;23;23
97;48;27;11
98;56;11;23
61;61;14;70
29;81;35;71
43;55;43;35
19;53;11;49
31;31;80;19
61;56;97;85
44;5;44;93
23;88;5;45
2;72;5;87
30;30;13;93
54;39;20;3
26;39;51;39
23;14;11;79
32;42;32;11
29;54;23;82
61;38;95;9
16;22;22;49
32;25;90;93
26;47;47;82
78;36;63;46
28;80;74;74
44;12;44;95
67;80;58;56
70;52;37;67
28;38;63;69
76;76;15;82
49;91;90;39
49;100;49;27
82;23;41;99
78;15;36;45
61;57;94;61
82;52;9;57
2;20;20;35
61;42;68;25
91;91;77;92
58;98;25;67
47;97;5;69
92;84;84;70
22;89;28;14
21;33;33;34
21;40;60;53
86;37;37;10
24;26;94;11
69;26;4;42
31;31;57;57
79;65;39;14
44;44;99;18
1;29;51;92
17;20;20;50
52;81;91;53
71;74;26;74
72;96;72;59
15;7;67;7
70;34;34;22
86;70;23;96
29;29;72;2
54;17;58;33
46;15;50;85
78;41;65;65
71;32;69;98
58;68;21;58
11;76;42;15
25;79;59;59
1;73;98;19
4;44;64;16
13;34;55;34
25;100;40;75
45;42;10;42
6;46;28;98
89;68;52;68
8;84;14;17
81;99;42;49
47;56;47;11
52;66;45;54
20;7;32;20
41;89;66;22
42;8;42;94
91;94;53;35
36;46;65;46
88;60;73;39
92;6;44;96
63;70;93;70
33;42;27;38
37;68;37;8
22;53;43;45
76;34;83;22
43;41;84;43
80;3;16;16
57;28;31;31
72;66;2;31
26;26;68;5
52;71;41;53
41;38;12;37
7;74;76;74
44;90;99;21
57;50;57;97
28;10;29;86
91;45;82;82
47;62;98;17
15;34;77;18
46;33;42;42
37;65;33;77
9;29;29;67
3;89;86;22
62;62;57;79
90;28;2;20
13;21;40;21
13;40;72;99
82;63;93;89
24;24;3;39
3;10;24;78
34;13;34;46
84;44;51;45
60;56;56;28
99;71;35;59
26;91;16;18
61;68;61;27
33;38;53;11
8;50;83;50
58;50;87;9
90;86;86;57
66;40;25;23
38;16;64;17
93;13;13;93
39;13;98;93
32;57;57;32
98;22;12;50
61;30;30;2
55;72;88;31
7;86;49;70
33;33;58;23
17;36;68;16
93;93;95;39
23;75;50;31
81;79;79;65
40;93;31;57
20;60;64;73
89;57;30;57
73;37;6;77
38;51;75;51
31;20;76;64
78;60;17;60
20;18;81;91
6;47;28;31
31;41;19;31
99;52;79;46
33;33;42;26
18;99;35;35
91;11;49;77
88;12;90;65
69;51;81;77
55;72;72;91
41;20;24;37
87;52;93;87
91;49;77;78
57;24;57;73
30;38;43;82
40;32;38;56
32;32;82;6
83;84;59;97
56;47;6;47
37;34;22;74
25;23;25;60
2;96;97;65
35;68;75;93
52;65;17;52
66;16;32;5
4;25;25;76
37;61;33;89
7;7;37;37
10;88;96;76
67;73;13;78
57;72;40;57
74;39;69;45
67;39;58;58
60;25;62;84
76;60;47;60
63;3;43;38
80;81;64;5
9;83;83;99
25;18;41;66
69;43;43;23
73;89;4;51
20;86;89;86
44;89;28;42
23;7;66;43
6;19;40;19
16;65;25;71
62;20;62;78
82;22;67;52
49;76;49;35
68;17;11;31
71;34;18;57
58;35;35;2
90;61;15;99
29;88;14;29
54;1;66;98
2;33;33;73
70;16;30;21
75;82;69;50
24;99;89;89
6;20;46;38
51;70;100;70
58;30;6;35
44;44;76;43
22;2;92;29
14;28;81;28
40;100;84;70
55;75;53;87
87;78;5;78
11;19;41;67
77;2;93;77
94;38;39;50
72;85;72;24
50;90;67;37
53;13;80;3
64;64;71;53
16;39;18;90
52;93;22;52
20;90;90;97
84;44;52;11
42;33;7;2
17;48;68;19
23;56;56;75
70;7;91;92
85;87;87;98
66;94;65;41
30;14;30;33
71;41;91;52
32;88;30;43
47;100;27;47
20;28;60;45
33;33;1;55
57;92;6;48
72;72;83;30
21;32;12;43
61;53;43;48
2;83;67;67
51;32;84;55
29;29;21;42
43;39;30;82
44;12;44;57
71;23;53;39
95;37;51;71
35;35;78;20
83;79;20;83
14;66;58;58
25;68;34;36
39;41;39;5
46;20;35;7
33;36;16;80
60;69;67;67
83;84;57;12
81;25;83;81
98;14;96;35
43;43;40;89
68;81;64;69
29;88;58;73
32;21;32;98
30;21;47;39
39;71;92;71
47;4;11;9
66;100;66;6
5;64;47;96
79;12;40;85
20;80;82;80
5;48;63;71
53;53;15;81
84;99;9;57
15;46;28;28
46;72;25;42
11;69;98;46
75;84;93;84
60;17;65;27
66;21;40;40
52;44;2;5
69;48;69;90
43;95;88;65
49;29;93;13
23;24;52;24
83;58;57;52
17;51;67;51
57;68;86;56
70;94;17;70
33;13;91;35
19;85;82;65
38;38;48;32
56;39;6;16
96;71;47;71
43;30;8;1
100;33;33;21
58;29;87;9
13;37;39;1
67;67;81;47
69;65;65;100
49;13;49;86
47;92;79;37
59;25;84;59
52;84;67;89
69;98;3;20
53;36;59;53
80;96;9;77
22;15;31;22
57;12;84;15
35;80;80;81
2;95;57;27
97;12;98;97
42;86;88;80
50;15;77;31
18;51;51;91
99;30;55;37
34;26;36;34
37;36;52;90
33;37;25;33
96;8;89;23
18;66;8;13
34;34;100;4
70;38;91;22
74;12;74;100
70;78;75;96
46;5;45;45
96;74;17;95
64;54;55;90
97;83;83;33
59;73;23;21
28;48;28;21
34;54;6;50
38;38;42;37
63;59;30;57
96;13;15;23
16;76;76;94
85;15;95;82
45;55;47;47
27;64;97;71
52;70;43;52
17;45;14;47
53;11;87;56
51;41;50;50
74;85;75;85
81;81;90;4
95;1;58;2
39;37;28;37
6;78;56;70
21;79;87;54
93;31;36;36
17;73;9;98
24;63;24;23
11;50;73;18
6;81;48;48
73;17;32;21
28;93;96;78
39;99;39;5
62;71;42;48
49;27;21;27
71;67;43;18
45;70;96;70
18;85;11;36
100;25;65;13
36;36;73;14
22;7;27;78
88;77;24;77
92;19;61;93
63;70;3;63
61;30;25;45
83;69;53;70
70;70;98;52
15;44;53;60
91;43;2;43
98;39;60;18
12;20;11;12
73;17;95;21
21;5;21;44
70;14;98;39
37;68;9;59
38;67;67;89
25;34;55;62
89;34;24;34
98;8;22;10
31;60;71;25
80;15;64;64
72;59;71;99
96;48;47;48
31;87;26;90
23;73;26;26
15;23;82;6
95;26;46;75
4;48;32;32
28;66;49;65
19;19;20;18
26;79;40;52
26;26;12;34
42;83;66;60
52;2;87;36
14;8;14;21
28;84;44;45
47;47;68;23
14;13;14;39
65;60;95;80
85;81;18;56
65;23;98;13
1;35;75;35
83;2;36;48
38;38;26;71
66;4;95;48
57;48;82;57
69;55;70;86
61;87;2;61
24;73;88;20
13;41;74;85
99;58;8;58
84;5;55;78
80;4;93;80
30;53;92;33
6;61;65;61
86;78;2;64
63;9;93;29
37;37;27;91
45;5;6;59
49;49;15;86
70;4;12;24
52;45;57;52
33;89;34;30
1;41;8;40
57;57;47;90
82;86;93;6
31;31;25;35
39;7;71;19
33;48;20;33
91;74;30;95
78;10;31;76
79;54;41;54
74;86;9;54
88;75;75;51
10;62;67;18
24;80;75;75
11;63;1;53
99;19;79;85
64;64;37;90
70;92;45;87
42;42;100;27
78;66;16;79
33;23;37;33
93;8;82;84
64;10;84;81
55;55;87;22
36;2;89;30
68;92;68;92
50;32;43;70
26;74;44;44
11;33;6;60
6;78;95;67
41;64;78;64
86;56;30;94
31;74;31;18
6;85;15;55
53;62;79;62
15;84;87;55
69;2;28;14
18;6;61;18
90;87;24;87
8;59;30;50
58;87;85;45
35;11;80;35
88;46;13;19
73;72;90;68
71;75;55;71
10;73;6;95
2;33;33;90
33;31;8;8
26;26;34;10
9;65;30;80
19;60;62;18
40;94;11;40
72;49;89;84
96;64;84;84
31;67;3;3
94;61;59;61
96;65;98;68
19;57;33;31
41;89;31;41
41;60;99;93
71;5;70;70
88;43;75;7
45;31;45;66
91;36;10;98
34;4;63;72
58;44;44;21
25;27;26;68
29;29;88;2
89;76;85;99
34;13;93;34
93;92;77;21
44;41;35;39
18;71;71;83
47;46;12;56
74;93;74;24
43;14;27;90
73;23;73;90
97;18;48;14
22;67;33;33
83;78;71;57
48;22;83;42
48;57;57;89
32;52;47;7
78;88;78;48
35;78;36;62
26;50;50;60
29;51;21;85
8;20;77;31
100;65;65;37
39;21;27;67
54;54;7;64
34;86;42;52
45;45;95;26
53;91;70;86
63;99;11;57
35;99;17;35
11;7;6;90
19;1;19;62
55;15;82;58
61;8;79;61
61;14;49;70
28;95;74;34
12;42;26;26
46;22;51;8
92;22;74;74
22;81;77;100
46;30;15;30
93;85;46;95
43;70;13;88
60;93;29;60
89;61;84;27
6;44;44;90
31;94;45;40
34;34;100;21
29;74;25;49
53;68;25;99
43;67;43;35
9;24;57;75
23;23;67;19
13;63;98;82
78;72;72;3
7;38;67;83
12;80;97;60
16;100;84;84
59;99;24;40
22;11;12;12
68;73;63;7
72;34;34;16
95;96;81;74
46;28;76;80
74;3;96;74
12;81;7;99
21;58;94;58
68;16;64;18
89;89;98;13
98;9;10;29
29;70;36;17
72;11;72;84
18;67;55;23
83;74;74;27
52;84;71;90
29;71;29;7
3;14;27;21
81;61;61;20
95;87;51;17
41;88;60;81
82;69;69;47
51;88;25;47
58;23;17;23
52;63;41;33
81;90;1;32
3;28;51;28
91;61;72;35
18;18;2;49
34;72;27;22
57;98;60;60
80;77;14;14
79;60;3;75
55;51;13;51
53;62;85;40
42;82;95;82
6;9;57;33
37;37;39;3
34;61;53;4
23;92;51;55
70;11;70;72
50;99;50;70
68;68;38;82
49;100;66;2
49;3;31;31
12;51;71;70
65;60;78;98
28;20;28;41
58;59;17;13
64;20;30;30
17;52;65;47
54;13;19;19
63;48;63;19
14;61;78;45
11;52;53;52
20;30;57;35
89;41;89;92
16;55;96;65
10;4;19;10
16;28;24;5
84;84;88;50
7;97;57;69
24;53;68;7
26;26;61;9
73;59;22;59
59;80;77;15
20;69;56;89
42;99;16;42
16;35;76;15
44;24;19;18
57;55;62;57
62;20;41;94
84;49;22;49
43;23;58;79
40;36;87;40
95;81;19;17
38;15;26;30
46;25;46;65
35;42;34;99
10;40;40;42
98;64;35;54
70;99;70;1
21;58;51;76
27;59;44;34
80;91;80;15
44;87;77;24
45;48;48;79
56;76;76;37
19;37;37;94
79;61;57;89
31;75;79;53
56;6;56;57
76;46;43;33
63;69;69;70
23;9;96;6
80;80;23;82
24;61;94;51
91;49;40;37
56;10;56;64
31;44;60;64
66;66;20;89
51;94;67;25
82;50;38;50
35;95;54;46
73;51;52;75
65;81;65;8
79;40;84;83
84;67;67;3
42;21;61;4
100;44;2;44
17;72;80;70
22;32;22;58
23;9;23;60
77;76;81;57
63;90;28;63
93;29;27;69
42;38;63;42
15;98;100;72
54;58;47;39
81;22;35;35
29;23;1;23
23;43;89;12
89;66;71;3
97;62;62;21
9;42;13;39
60;21;40;44
93;54;71;71
64;42;59;50
66;66;67;55
64;13;10;86
26;13;26;64
17;69;10;81
38;37;30;68
76;74;74;69
44;77;45;93
84;10;69;69
63;54;68;67
93;13;85;85
86;66;50;67
27;31;85;10
81;36;81;95
33;12;96;17
50;80;76;76
4;96;9;7
49;49;15;88
99;1;84;42
40;99;13;20
60;60;50;86
55;65;31;17
59;65;65;75
45;40;6;52
22;74;9;22
44;76;25;58
33;37;89;49
58;58;67;4
40;10;26;36
93;96;44;93
90;65;40;39
75;57;57;38
3;19;93;27
34;57;57;80
38;93;52;54
25;21;27;41
78;70;78;86
37;80;11;15
82;82;97;42
7;45;41;94
66;98;66;63
88;32;58;82
20;90;56;46
100;33;84;84
27;20;36;40
57;57;33;78
32;18;59;46
71;77;77;94
6;89;9;84
7;37;67;72
48;17;48;69
95;37;75;51
90;16;77;77
68;1;28;35
54;48;48;54
2;85;67;33
39;52;5;54
91;3;38;38
14;51;39;79
18;65;31;31
36;54;67;96
23;23;30;6
86;76;63;90
2;22;40;89
87;87;97;6
66;42;56;75
50;91;50;47
95;36;96;49
83;42;88;83
68;68;48;25
90;65;75;72
88;69;32;69
88;79;37;75
45;74;52;52
90;23;2;65
30;8;43;30
65;97;40;45
17;57;73;6
21;8;47;21
55;60;34;79
9;56;66;56
31;26;28;25
38;85;15;38
17;6;92;100
68;17;46;16
52;49;96;52
85;91;25;79
84;35;35;11
61;10;29;63
90;90;97;17
34;71;60;50
25;95;93;22
29;65;6;29
28;52;79;2
12;32;65;32
85;40;81;83
39;47;100;47
22;94;64;69
21;71;51;77
22;59;59;90
100;3;98;76
61;15;61;93
10;34;40;93
89;60;60;31
92;28;79;15
5;37;51;88
86;34;11;34
77;64;72;9
75;53;53;43
60;28;99;59
29;29;48;18
96;44;15;41
31;57;93;33
26;74;37;37
79;52;48;10
81;55;81;90
18;64;75;23
58;58;41;60
56;100;49;95
11;24;2;59
61;84;61;34
54;10;37;3
75;75;81;62
82;65;76;47
60;84;60;4
15;47;31;14
24;58;2;51
71;52;52;30
92;79;79;51
36;61;47;91
13;39;8;51
52;6;52;65
64;53;58;58
70;56;75;61
12;25;38;94
49;96;90;79
8;16;11;11
79;40;18;8
87;72;72;8
21;10;82;39
53;53;64;22
78;20;21;3
4;90;63;59
17;62;98;62
60;84;27;44
83;68;68;60
19;1;79;43
87;87;97;54
4;45;65;87
76;87;16;79
59;14;84;59
75;65;60;38
60;24;24;21
89;60;3;7
37;82;3;37
63;95;8;59
25;7;17;64
46;92;25;46
54;92;90;89
36;69;36;1
8;64;45;32
19;30;46;30
7;78;34;28
88;94;75;58
7;35;32;32
35;21;48;41
42;56;56;69
13;45;73;20
79;87;73;79
94;70;95;83
19;41;91;67
20;30;40;30
57;15;22;35
46;46;30;89
2;13;33;99
16;89;85;85
63;94;95;17
71;53;61;48
29;60;29;9
66;30;51;97
56;70;56;7
91;66;51;35
41;41;6;70
99;4;64;79
36;13;75;9
19;19;10;50
38;59;15;97
82;99;51;82
78;38;58;66
81;66;81;84
53;50;63;18
49;5;86;22
64;75;75;91
18;79;28;61
74;90;70;74
36;20;91;6
28;28;43;1
31;5;83;76
45;68;17;10
79;93;44;79
83;43;18;26
43;43;18;90
96;20;4;45
26;54;21;26
1;14;35;80
26;34;20;19
36;36;84;27
82;36;33;28
11;75;63;63
17;28;43;25
50;50;100;44
78;34;45;91
77;21;65;36
44;29;29;26
31;5;52;90
26;69;19;26
52;52;46;93
4;69;48;88
86;93;59;82
14;30;98;16
39;91;65;65
94;93;60;23
52;27;52;84
2;23;19;30
86;66;82;82
55;91;14;85
29;97;20;61
73;63;63;48
91;36;17;17
68;29;18;29
29;58;51;85
80;75;75;45
11;84;2;90
87;1;71;71
87;84;22;32
54;25;54;15
99;63;63;19
68;79;46;62
32;35;88;35
99;14;66;28
71;18;71;76
90;26;32;19
8;99;27;6
61;43;68;61
53;42;1;60
94;90;17;90
68;26;16;30
98;64;23;64
38;70;30;7
88;92;82;59
41;49;49;75
43;36;54;35
79;77;77;68
9;35;57;16
15;22;38;22
31;14;21;63
32;8;77;33
90;90;47;95
39;64;61;78
34;61;34;5
21;27;6;65
93;100;93;31
5;25;6;94
94;30;15;73
57;24;59;57
41;98;90;52
43;43;22;45
39;6;58;17
52;47;52;47
32;42;33;9
58;26;63;86
32;20;80;32
17;46;86;99
50;34;50;80
33;7;69;6
94;48;17;48
58;74;89;69
87;76;97;49
79;90;79;19
1;75;75;91
56;24;35;54
80;55;48;73
65;20;65;20
85;90;43;25
36;69;55;11
40;13;13;11
39;10;12;37
32;97;56;56
46;27;1;38
63;70;68;68
45;71;26;54
45;21;58;38
59;59;72;2
95;24;47;51
97;52;6;52
16;87;42;48
69;27;27;10
42;17;85;72
54;89;96;69
92;99;92;73
10;75;59;82
98;52;33;52
29;64;43;32
74;40;58;58
44;42;19;67
2;80;79;60
71;7;98;71
2;75;41;20
12;45;45;98
29;18;88;95
41;37;37;20
18;94;21;1
35;98;59;48
67;39;39;31
15;76;93;75
80;26;84;80
74;70;10;53
80;80;22;97
48;98;27;74
23;64;14;58
89;46;54;54
32;72;22;26
75;75;92;55
65;79;12;65
84;52;52;17
48;17;52;76
86;51;11;25
69;44;7;98
60;38;47;66
36;84;60;60
83;17;87;95
89;83;31;83
76;95;1;18
3;92;92;94
61;60;79;44
28;59;10;52
94;34;59;59
89;45;52;7
83;85;60;83
13;78;71;48
52;25;54;52
64;53;37;64
98;33;34;68
63;84;63;37
31;15;28;69
66;4;45;45
84;5;32;39
35;35;85;18
44;45;35;82
16;64;13;63
33;33;52;5
30;98;27;39
67;67;90;46
77;48;11;37
97;56;84;84
59;94;80;95
92;58;72;15
41;41;79;33
43;4;97;7
88;84;84;41
75;98;20;40
95;62;45;62
60;100;60;9
8;64;13;94
94;59;68;31
43;61;7;91
66;26;26;15
46;59;12;17
13;51;38;38
30;15;79;23
50;56;82;90
33;74;62;62
30;60;50;77
68;53;42;53
83;86;99;71
72;77;77;94
99;30;47;14
92;63;48;70
22;22;46;11
79;89;84;44
61;61;96;54
99;71;97;8
54;54;68;13
41;28;5;56
87;74;22;69
37;28;62;37
84;45;57;52
71;43;43;7
69;29;65;69
44;84;38;44
95;29;66;67
27;45;10;11
36;36;19;61
50;63;49;91
50;40;24;40
17;11;48;13
24;79;89;79
29;66;79;1
92;90;3;67
20;70;70;82
40;49;90;67
49;49;24;70
64;13;61;17
40;93;71;71
11;18;14;85
4;87;85;88
39;25;39;53
91;58;60;34
49;100;27;49
10;87;76;34
58;78;78;99
51;13;33;12
20;97;94;22
45;95;38;45
13;97;89;83
31;56;35;35
19;36;30;81
76;53;53;29
3;69;34;74
53;84;24;85
20;61;86;61
40;18;45;80
63;63;74;4
38;83;36;51
39;25;39;91
69;67;28;93
92;33;29;12
33;22;33;63
59;87;55;3
34;28;34;95
47;39;80;70
64;71;92;71
60;80;91;45
33;31;33;94
40;91;52;25
59;44;32;4
40;89;40;10
13;14;91;7
42;51;51;53
46;27;37;40
45;19;25;25
68;3;69;73
27;7;55;13
89;89;30;100
15;84;39;17
6;53;6;53
100;14;41;84
72;72;99;23
55;41;61;72
69;77;23;72
16;53;80;53
32;20;88;94
55;70;55;45
47;17;19;57
16;2;16;2
49;23;48;62
65;86;68;8
2;69;91;69
89;80;66;83
30;87;87;94
16;49;96;51
55;55;86;6
63;91;13;41
37;18;43;21
37;1;1;37
44;98;14;96
92;34;98;92
96;100;44;55
73;24;73;78
29;69;25;50
92;100;45;70
72;6;72;6
1;85;77;95
12;71;99;71
8;24;36;98
39;72;8;39
32;79;11;48
53;24;72;97
74;74;92;69
36;90;83;72
17;80;80;98
41;53;18;44
63;100;46;63
18;10;60;12
35;19;52;96
82;47;25;47
35;90;34;43
49;67;32;49
48;72;39;47
41;82;14;41
77;32;40;45
77;22;26;73
57;72;72;92
45;59;68;10
39;39;2;77
3;11;19;97
29;60;79;60
8;54;51;88
77;40;65;42
92;41;47;47
6;88;73;57
60;49;49;9
98;86;66;12
85;30;55;55
38;70;69;70
80;5;77;48
28;31;16;28
23;93;25;90
81;81;82;82
47;95;82;98
94;73;73;8
5;97;50;36
28;2;24;66
78;42;60;60
24;36;10;88
87;45;67;67
65;60;49;6
75;75;31;98
7;86;60;19
34;94;69;13
27;14;27;80
45;72;61;46
89;93;89;51
72;95;78;15
41;2;41;43
22;69;58;44
49;33;2;24
65;6;46;46
59;97;78;81
85;91;63;85
53;13;1;74
28;38;14;28
14;69;36;37
31;54;54;77
13;36;48;98
40;38;33;15
5;65;75;65
69;94;11;9
40;81;32;40
21;68;71;100
29;48;79;48
65;66;52;59
8;66;44;61
32;86;70;70
25;62;9;47
43;73;43;21
48;38;8;45
92;95;93;93
79;23;42;88
88;87;29;81
73;67;46;67
52;65;59;26
91;66;88;88
28;60;19;4
70;79;70;65
88;7;100;23
1;5;59;56
53;84;94;84
33;42;33;26
94;11;25;2
78;83;58;95
45;5;45;60
65;72;22;97
10;73;48;61
40;40;96;21
92;13;92;73
4;27;27;72
61;95;2;49
11;39;55;39
9;86;39;80
93;99;30;24
98;41;1;41
49;60;88;32
19;23;43;23
43;46;32;95
54;95;95;54
25;48;69;14
73;65;54;18
45;7;48;45
51;39;100;60
33;35;26;33
8;78;55;37
32;73;28;32
49;27;92;86
36;10;67;19
10;88;63;63
19;66;17;13
43;3;43;100
2;82;50;76
57;57;18;94
55;58;62;15
51;40;86;54
3;87;91;87
55;53;24;18
85;34;50;50
61;98;74;23
81;74;81;84
30;39;41;11
23;72;92;35
98;70;11;70
100;44;35;10
89;46;9;46
98;45;55;10
21;1;52;21
55;25;93;12
14;84;4;57
70;90;70;63
74;35;41;40
38;38;10;48
3;57;91;15
26;54;4;26
49;81;97;47
97;10;94;59
98;70;70;26
59;91;75;2
52;52;32;82
73;59;44;30
36;36;20;54
29;87;67;36
2;72;29;57
28;97;50;50
53;16;78;99
96;61;96;97
35;88;57;34
17;14;52;17
12;70;33;34
24;12;28;88
53;46;46;29
60;11;84;14
74;70;59;70
100;56;61;47
32;49;11;32
26;54;29;7
89;17;42;42
47;65;55;44
5;43;95;96
48;33;46;46
55;82;61;94
57;43;93;57
90;70;62;40
90;94;44;90
74;64;45;43
97;37;99;12
31;31;43;18
69;40;50;51
27;35;89;35
6;38;81;29
59;89;100;89
46;41;22;40
57;57;47;16
70;10;70;98
29;96;9;78
24;73;24;8
47;55;11;70
7;23;23;52
48;38;15;95
30;88;72;65
31;31;24;70
7;54;51;39
100;30;30;12
66;97;27;2
7;94;94;100
9;1;54;32
29;65;69;57
4;84;84;87
9;81;40;95
98;94;8;94
93;42;85;67
85;26;42;42
86;4;97;7
67;2;55;82
40;42;28;40
95;48;75;19
21;66;21;13
52;67;83;72
49;93;79;79
31;68;72;1
71;87;7;88
4;33;33;95
91;1;75;89
53;52;97;53
3;11;60;20
48;13;68;48
16;46;99;74
90;100;68;74
99;92;92;1
97;93;33;46
68;83;68;83
95;40;36;49
60;24;24;8
85;64;5;79
69;3;81;69
27;59;45;93
88;92;59;25
21;58;80;58
99;51;50;34
21;65;52;52
36;88;69;39
18;52;2;20
45;45;34;48
34;80;84;65
89;27;27;12
3;100;49;53
11;19;25;19
47;80;23;98
5;30;77;97
69;37;69;89
65;18;8;27
57;20;98;57
91;40;36;74
39;39;44;1
9;44;21;14
54;72;26;44
72;41;72;81
91;29;54;89
17;70;85;70
4;77;83;97
93;58;19;58
46;94;92;16
67;6;49;42
61;31;32;32
94;45;81;13
55;87;55;13
58;61;78;100
26;85;85;88
98;91;52;67
100;92;16;29
34;14;28;28
27;20;20;73
69;70;69;16
47;44;100;74
77;52;5;52
27;77;98;21
22;67;22;3
13;90;18;27
87;61;72;81
8;30;95;30
69;48;90;15
58;58;18;18
71;51;35;26
84;84;91;36
34;45;82;14
34;11;58;49
91;24;49;49
72;69;3;50
32;28;31;31
73;95;1;94
87;62;62;48
89;23;35;97
40;26;6;25
31;54;54;90
40;47;92;31
25;25;4;74
38;45;79;95
45;45;26;66
31;47;75;76
34;51;16;8
48;48;24;90
72;71;23;24
51;51;93;30
21;78;36;90
73;49;39;49
53;78;43;30
27;2;5;37
90;80;67;80
91;54;99;3
50;88;50;6
98;57;28;10
22;49;61;49
2;12;90;61
77;37;67;61
87;49;14;49
27;83;33;26
85;85;46;95
43;57;56;53
48;15;95;48
98;39;45;98
81;19;17;81
5;24;24;74
44;8;60;57
29;29;49;15
57;99;15;13
23;15;41;23
100;25;4;14
94;42;11;30
96;62;61;62
69;67;12;74
36;56;77;56
53;19;32;78
92;81;81;10
94;43;46;49
1;11;47;78
41;7;41;84
64;50;67;95
3;8;8;26
35;49;49;31
58;43;45;45
56;76;32;34
51;7;91;37
35;9;35;80
14;6;31;80
36;36;81;28
50;51;33;32
54;19;54;100
48;53;100;3
90;2;10;69
100;19;45;45
28;94;24;54
66;66;18;99
98;13;23;54
19;19;13;28
66;84;28;87
19;84;65;52
66;12;84;66
2;79;99;73
41;82;68;68
81;5;79;64
86;86;23;92
70;83;29;3
96;31;21;97
2;45;31;31
76;88;70;32
27;20;27;51
10;26;99;25
4;8;19;8
19;13;85;60
71;91;34;34
35;5;98;35
82;43;78;11
60;57;94;60
99;95;50;11
76;55;55;34
84;3;69;16
37;35;37;40
66;96;51;77
26;42;67;72
8;18;9;9
79;75;47;91
6;62;62;99
17;37;39;85
94;88;98;94
6;98;26;98
42;36;85;80
82;57;57;31
68;57;71;51
99;66;24;66
28;73;19;28
83;92;78;58
99;35;70;27
25;47;20;24
17;87;87;95
53;11;3;84
1;62;49;49
61;74;11;6
21;65;66;65
44;48;62;86
14;11;71;97
72;90;95;90
82;12;12;58
17;8;17;53
7;5;100;4
36;78;36;13
62;94;57;94
26;76;100;63
24;77;68;68
7;79;16;91
54;34;84;54
45;10;58;75
28;87;28;21
22;5;15;89
51;91;91;33
44;82;44;3
81;64;29;50
14;64;51;51
32;70;31;31
61;40;61;81
31;73;17;67
62;16;38;38
64;25;7;85
81;49;25;20
97;41;20;41
73;22;49;46
65;65;82;30
98;57;47;32
69;62;37;4
44;44;32;52
75;45;11;64
68;42;94;68
19;79;42;37
51;51;53;35
43;16;96;12
27;53;48;12
8;35;20;20
49;77;44;48
96;83;83;56
86;27;98;54
6;25;88;25
66;85;88;20
57;69;98;45
97;63;26;63
86;23;34;56
75;75;90;30
43;25;77;19
61;15;61;87
96;91;3;10
45;19;75;37
28;4;28;86
31;22;23;30
40;29;40;41
9;43;60;57
95;30;85;85
88;45;100;30
51;70;3;100
17;41;17;5
68;82;30;70
64;64;4;76
6;61;95;95
73;84;36;73
46;28;94;73
52;48;97;26
75;32;63;63
22;74;11;42
69;50;49;50
66;73;57;61
41;76;80;76
85;33;51;53
13;99;22;18
61;14;61;75
59;75;82;52
93;50;4;50
94;55;65;13
23;94;96;94
8;96;3;4
24;87;70;70
92;54;69;44
16;39;26;23
47;95;7;47
78;24;89;50
41;95;53;53
67;11;93;94
78;78;88;21
87;54;94;74
48;15;47;14
22;44;87;44
78;4;80;97
75;1;75;88
49;48;33;76
33;66;45;45
100;76;27;38
30;71;21;12
46;27;46;53
47;35;40;63
36;36;29;78
87;56;55;70
46;66;46;30
52;97;97;75
44;66;5;97
50;22;100;50
2;93;15;20
11;26;26;74
39;28;56;80
23;65;11;23
12;23;18;49
33;39;81;100
70;42;70;97
21;51;39;100
44;44;49;41
89;33;63;77
55;75;55;38
6;3;49;44
8;47;65;45
60;59;59;41
76;61;79;64
75;71;71;29
28;5;15;42
49;69;49;40
89;77;41;63
21;97;28;53
52;67;26;52
73;41;44;59
48;100;66;66
91;40;42;2
67;66;67;86
53;63;29;9
25;43;81;92
12;37;64;37
51;69;98;95
72;78;72;67
40;89;58;77
10;41;92;41
18;90;5;44
50;62;56;42
47;47;95;4
7;58;14;93
68;98;68;31
50;14;66;34
6;29;29;57
37;88;7;26
23;97;57;83
30;14;80;30
45;79;53;19
61;73;61;54
49;79;52;8
45;41;34;41
70;81;73;35
83;34;5;12
47;47;11;69
88;6;35;82
68;37;37;5
80;70;17;83
22;48;84;48
60;5;46;73
4;73;56;20
49;66;66;74
74;60;75;38
56;8;56;60
44;2;8;16
69;100;69;51
31;47;56;88
46;90;95;93
88;79;79;30
92;77;91;58
32;53;53;67
57;1;78;76
83;83;9;100
66;84;63;33
33;4;8;48
90;67;67;16
19;24;19;39
94;77;94;95
37;44;28;62
58;12;58;83
7;24;87;30
48;1;54;48
71;33;11;41
89;63;63;56
36;67;42;76
61;89;75;17
20;92;70;70
83;59;22;23
61;70;61;50
28;95;28;16
44;19;8;65
19;50;57;45
74;63;28;87
55;77;11;55
97;85;78;38
29;36;31;31
52;64;85;94
63;93;47;46
98;59;99;98
85;66;81;56
70;86;21;70
10;3;13;24
58;17;68;58
32;6;1;39
79;23;95;1
52;44;62;52
16;39;58;12
72;83;72;35
41;55;67;51
26;5;26;77
56;11;94;19
32;29;6;34
68;42;42;1
78;30;64;76
82;30;53;53
2;49;63;86
94;72;72;3
29;97;48;7
74;27;24;65
62;78;78;86
36;92;68;60
51;51;80;25
92;46;23;94
38;42;71;42
68;46;69;17
81;17;92;72
96;63;63;46
15;88;67;2
35;53;7;35
29;91;67;51
4;11;3;4
37;37;38;45
18;21;36;80
67;10;79;67
56;70;54;25
24;12;12;3
11;59;20;80
57;61;90;61
75;49;93;91
59;27;62;64
30;27;75;30
93;94;6;72
52;20;18;20
17;2;72;5
77;77;59;82
54;88;69;42
59;53;24;64
31;38;34;34
22;25;82;34
60;87;3;60
69;22;75;99
78;64;64;20
56;59;64;96
56;17;2;4
38;48;55;48
76;7;36;80
36;36;97;17
63;72;19;45
26;57;96;57
43;99;82;82
73;25;94;46
10;48;84;6
50;81;2;89
49;10;49;73
24;26;88;42
31;92;71;71
50;80;73;18
48;11;4;4
65;21;21;12
82;88;91;27
53;92;53;37
41;64;80;95
56;56;15;99
7;79;11;44
36;23;31;17
66;45;45;9
42;33;62;79
30;66;66;96
40;20;51;80
25;56;28;28
51;3;90;45
9;46;46;84
38;81;99;45
23;45;82;78
27;9;9;2
77;94;53;15
87;60;60;15
68;11;69;17
91;62;28;62
51;22;14;25
76;43;68;10
45;28;45;79
93;71;45;86
56;97;23;56
3;95;98;69
44;44;40;66
75;48;18;2
88;36;70;99
32;59;59;70
37;28;56;35
45;45;37;88
76;26;9;48
14;55;27;27
64;13;68;88
38;55;44;87
100;99;99;78
50;78;13;34
64;34;34;13
91;74;7;6
75;44;63;63
37;23;26;26
20;7;6;44
3;72;57;10
53;54;5;11
45;79;48;48
100;60;85;83
20;93;50;50
23;74;10;73
55;40;89;36
56;62;20;56
20;6;42;37
85;95;85;2
13;96;6;27
51;51;97;29
13;35;94;89
53;18;42;88
96;45;45;24
86;62;76;78
77;95;77;51
19;29;92;26
17;17;12;46
38;56;34;18
94;11;20;43
52;8;41;41
40;64;23;26
57;57;62;54
71;94;16;26
78;59;74;74
24;85;55;3
56;45;35;88
46;56;56;96
17;12;32;19
35;35;27;72
65;80;71;10
68;74;68;29
47;42;73;75
23;23;13;86
51;82;13;51
35;95;91;42
64;77;11;64
1;19;71;9
75;52;75;86
63;28;44;99
38;31;76;41
7;36;36;44
33;83;57;28
74;77;57;74
30;22;66;23
69;69;99;61
89;63;47;34
21;34;91;92
25;1;25;45
86;30;57;7
6;42;42;71
78;34;58;46
10;61;63;61
92;70;100;88
72;30;89;55
26;91;48;48
64;96;34;45
32;80;55;55
10;57;94;70
74;79;66;74
95;81;94;59
100;96;35;18
35;91;84;84
99;72;99;13
75;88;77;77
7;4;56;1
78;23;91;78
54;100;13;52
36;71;91;71
11;35;53;72
60;29;83;67
65;57;83;65
83;79;96;31
56;22;56;60
16;86;71;17
88;25;67;67
62;17;49;55
27;98;94;40
92;30;30;12
64;3;70;69
86;77;87;86
33;46;8;42
83;83;8;91
52;22;39;13
20;84;40;55
94;100;94;14
31;30;9;2
51;20;69;51
83;13;37;76
62;84;53;62
7;20;59;44
86;47;91;59
53;53;77;4
70;85;53;12
73;34;9;34
80;29;87;77
57;57;98;4
38;72;55;19
75;69;76;80
86;45;2;45
19;86;32;60
61;76;76;81
27;42;12;37
72;72;12;79
38;66;77;82
38;6;17;20
70;26;19;26
26;84;9;42
41;41;44;33
48;99;81;90
65;76;65;63
80;51;28;96
16;1;7;7
67;73;21;87
23;79;6;95
30;30;13;74
58;40;19;85
81;81;90;21
28;12;75;9
96;65;21;47
44;44;78;27
24;35;8;40
58;58;90;28
66;35;42;60
74;91;46;74
93;18;82;68
78;99;86;19
80;50;80;96
38;38;22;37
95;16;55;55
78;52;12;53
93;93;38;94
28;61;36;48
84;17;18;30
55;30;98;55
52;15;68;84
27;26;35;27
50;9;56;36
25;48;88;48
60;64;29;21
25;47;93;84
12;22;22;35
4;20;68;41
45;98;7;45
22;21;34;12
82;63;97;82
12;43;87;75
12;69;11;92
91;35;35;23
26;76;56;39
36;10;36;94
48;19;96;46
99;50;50;23
86;55;94;15
40;30;30;53
72;35;92;72
17;68;16;100
89;48;56;56
82;85;36;31
55;64;94;64
34;4;75;46
19;50;53;21
26;26;90;9
64;53;89;7
60;26;60;81
63;86;47;50
10;85;51;51
95;36;6;80
17;52;23;23
26;35;23;46
73;11;46;90
99;11;97;97
57;1;45;39
54;54;69;5
65;65;69;69
36;11;36;59
53;72;90;9
13;64;97;54
67;78;87;78
55;98;11;7
40;11;75;87
89;5;97;12
83;65;65;25
23;77;49;43
70;43;8;6
99;81;81;41
81;7;6;67
72;72;96;37
19;52;9;1
81;79;50;79
25;19;2;67
10;67;85;1
64;44;64;67
96;67;2;53
35;53;58;53
8;48;92;31
54;70;70;90
67;95;12;44
58;11;49;94
52;52;47;97
96;22;17;50
47;97;47;45
49;93;98;29
63;64;18;63
43;77;13;83
30;11;6;5
21;15;11;15
44;93;29;22
85;46;2;46
97;63;5;62
79;91;74;79
22;15;98;91
34;59;41;39
43;63;8;43
91;6;57;73
56;56;44;62
58;90;98;12
33;86;57;57
11;90;5;6
35;9;99;54
31;97;61;61
48;6;28;24
8;39;33;33
80;92;30;59
86;46;37;46
25;7;48;15
22;76;38;84
81;81;72;83
55;35;7;85
95;84;84;62
63;82;44;54
53;7;49;49
14;53;54;79
14;67;10;61
44;44;25;57
99;99;25;2
80;31;6;31
65;50;3;76
3;33;57;33
50;22;11;3
45;26;6;62
49;49;45;73
21;44;68;97
27;63;27;18
68;52;44;28
54;36;54;79
23;19;93;71
97;36;67;89
12;68;68;71
63;33;7;23
73;71;64;71
70;74;16;22
79;100;79;54
3;12;58;55
77;89;34;57
21;10;21;30
43;86;92;15
75;41;83;75
25;26;28;23
23;19;23;41
25;54;75;39
57;78;67;15
39;78;53;53
15;92;66;2
86;38;95;86
22;54;20;81
90;29;81;81
30;49;34;61
12;89;89;96
54;71;88;12
35;42;3;33
31;2;70;31
48;54;60;10
46;43;46;90
28;61;64;64
35;51;35;25
79;23;20;43
84;65;76;40
71;71;29;93
84;100;16;1
28;8;22;22
8;92;25;98
11;86;82;82
67;10;33;14
86;22;39;39
59;69;28;56
76;97;82;45
26;53;26;15
72;4;31;1
94;12;94;98
1;42;31;29
83;39;24;58
28;47;28;11
16;14;60;87
92;83;83;39
94;95;29;66
17;26;45;26
35;77;33;71
62;15;65;1
44;57;31;44
73;17;5;47
73;12;100;73
32;69;96;28
52;86;83;83
32;76;87;89
16;37;6;40
46;63;10;46
38;43;63;100
11;97;41;41
25;24;10;59
66;59;42;59
36;19;45;64
24;78;90;37
80;63;63;36
9;72;40;34
19;42;42;90
84;37;43;21
51;52;36;51
43;54;9;12
51;80;23;73
2;47;47;91
77;100;65;41
55;81;55;34
32;59;100;66
70;81;81;88
67;43;87;76
1;83;70;51
70;79;48;70
91;36;7;70
72;96;33;72
1;77;11;64
75;92;21;75
91;65;35;84
28;73;70;74
80;80;2;82
58;32;88;5
21;20;14;20
92;25;78;58
93;88;88;7
67;26;34;18
53;82;58;53
43;2;43;81
93;89;24;96
89;17;89;97
2;55;67;87
77;25;4;25
29;43;27;31
8;40;22;80
45;70;98;70
25;49;12;46
44;51;51;52
71;69;8;51
17;17;31;1
37;97;21;28
94;36;83;93
56;84;56;44
90;55;17;50
66;86;66;16
33;34;100;43
79;96;50;79
1;8;98;46
70;10;11;82
20;61;61;96
33;38;41;29
44;2;45;44
37;26;55;19
60;60;35;89
96;11;89;16
61;20;61;64
96;55;36;58
26;2;10;56
86;37;72;72
69;9;30;43
59;88;40;59
46;35;4;93
85;41;71;71
91;38;89;54
86;34;79;39
33;27;33;68
22;75;4;80
31;20;15;20
27;80;26;50
56;85;68;68
71;2;71;82
77;4;4;79
22;40;49;96
64;72;11;94
5;22;22;41
17;89;71;28
42;57;57;84
44;39;52;47
15;12;50;33
90;13;95;90
46;5;22;49
78;42;97;78
32;53;48;81
93;43;94;93
67;85;64;84
71;88;65;18
37;45;37;17
70;67;79;98
47;45;31;45
34;58;5;20
95;56;61;61
16;78;22;70
86;60;16;21
5;31;31;100
71;45;19;4
6;83;83;99
72;18;18;42
32;15;32;96
7;77;33;22
1;36;20;90
71;80;71;15
33;98;100;76
99;96;96;58
15;53;37;36
94;3;94;97
73;77;26;45
6;2;42;47
91;7;7;91
100;35;43;32
20;38;92;38
57;99;45;7
67;94;44;67
17;62;6;65
19;16;45;53
63;61;31;61
74;26;55;89
77;66;66;17
86;81;67;88
81;94;92;92
5;16;34;57
67;64;53;91
72;31;95;72
76;49;34;99
28;11;28;73
95;34;98;44
94;19;94;97
32;25;43;27
50;72;38;54
11;60;78;60
82;11;89;86
29;34;34;48
35;72;79;82
34;96;34;32
12;71;10;90
63;1;46;94
46;67;67;80
60;63;40;10
6;25;37;25
1;39;90;80
86;17;57;57
87;54;17;87
92;21;10;14
15;69;46;46
1;46;7;70
87;57;17;57
62;8;79;36
91;63;96;91
67;55;96;78
63;87;59;18
86;42;20;42
77;30;96;35
43;7;22;22
27;54;49;92
27;67;67;69
97;75;67;13
29;45;47;45
83;58;28;86
97;32;58;27
68;74;8;68
56;59;14;33
66;33;66;89
54;96;34;9
22;25;8;22
100;3;89;10
4;73;21;39
86;46;46;36
5;39;77;10
68;71;68;40
87;78;19;73
14;30;24;24
78;73;24;86
45;92;35;6
69;52;48;52
29;48;50;5
67;45;57;57
23;88;54;47
24;24;17;42
12;48;66;78
87;19;21;58
76;76;61;89
88;10;16;55
68;83;51;68
1;71;33;38
58;60;58;50
77;58;82;97
75;5;72;5
64;42;64;92
87;47;76;21
27;37;27;3
30;78;94;32
55;57;7;55
3;2;15;99
86;36;33;26
44;32;44;57
1;28;72;43
50;11;45;45
60;7;9;9
95;11;95;11
51;35;69;45
14;64;67;57
57;57;37;88
2;44;26;93
57;32;57;69
7;84;16;22
40;45;40;18
66;84;18;68
3;21;4;9
33;51;84;51
43;16;47;100
31;81;27;31
28;43;66;34
66;74;66;19
44;29;96;15
83;60;84;12
52;79;79;91
6;88;44;16
15;97;50;50
88;6;40;29
69;29;69;77
98;86;21;45
70;36;25;49
41;78;27;41
52;43;46;71
12;81;88;81
25;40;87;24
88;88;75;75
14;9;19;4
53;47;53;78
10;100;68;10
40;53;53;38
45;19;45;53
84;57;2;57
88;44;23;48
72;22;44;67
49;10;97;54
83;83;90;56
62;66;40;63
47;47;9;82
1;86;26;75
92;90;16;90
69;20;69;61
54;40;36;92
10;41;65;41
24;41;22;92
47;47;93;30
52;4;95;59
69;81;81;93
91;65;37;85
49;52;76;28
63;63;10;69
57;33;34;5
46;21;42;42
43;46;88;76
51;42;56;51
25;89;30;10
45;81;7;45
71;89;78;55
40;37;69;86
50;50;70;14
69;54;56;53
52;54;52;31
1;48;62;43
98;66;66;48
13;18;58;39
87;79;63;4
72;84;72;20
5;16;90;51
58;1;42;42
68;10;27;2
60;60;83;30
95;66;49;55
16;68;10;84
97;32;29;32
70;71;89;27
53;30;40;40
58;88;28;80
39;48;48;65
61;38;63;39
16;40;15;44
40;9;39;39
52;56;15;66
51;36;51;78
62;44;31;33
51;23;22;23
4;28;38;1
47;56;59;94
94;81;81;36
67;70;12;46
75;32;28;32
26;2;68;28
56;39;51;51
7;75;48;94
80;89;94;4
19;19;12;55
55;6;65;38
34;31;34;74
68;46;34;7
70;48;30;48
68;91;82;9
30;77;83;58
74;74;72;87
68;70;52;41
81;81;48;94
77;33;14;84
30;77;9;30
37;21;50;74
37;4;87;84
43;43;1;60
12;25;15;49
22;22;77;9
56;26;38;81
17;26;37;26
87;69;35;53
67;69;93;33
46;34;34;16
30;2;32;53
97;64;97;100
28;23;95;70
70;35;70;96
2;96;80;79
35;86;72;69
59;45;59;83
22;71;86;80
80;28;71;71
23;99;45;22
78;99;34;78
66;66;91;88
79;71;75;91
94;41;41;94
19;45;9;13
48;14;48;59
28;76;52;96
28;20;69;28
74;50;23;54
60;37;6;58
91;68;68;65
53;3;66;27
60;60;71;37
57;23;88;85
82;11;47;47
49;45;38;88
60;32;50;93
26;100;100;26
64;11;72;82
41;41;50;35
61;62;14;81
78;78;26;92
38;96;37;23
34;8;18;48
61;86;20;61
5;53;78;8
69;50;69;70
65;48;33;33
19;44;72;44
11;42;16;74
64;64;86;11
10;54;50;26
17;2;74;54
62;53;53;22
83;76;2;39
70;68;68;27
81;16;15;78
16;73;49;49
46;97;43;35
60;64;12;25
59;91;59;51
58;53;81;38
